url,title,source_type,crawl_job,scraped_at,documents
https://groww.in/blog/mutual-funds-things-you-should-know-as-a-beginner,Things to Know Before Investing in Mutual Funds India,blog,knowledge_pages,2026-10-04,38
https://groww.in/blog/what-are-mutual-funds,What are Mutual Funds?,blog,knowledge_pages,2026-10-04,16
https://groww.in/help/mutual-funds/discoverable/can-i-change-step-up-amount-after-placing-the-request--97,Can I change step-up amount after placing the request?,help_faq,knowledge_pages,2026-10-04,1
https://groww.in/help/mutual-funds/discoverable/can-i-change-step-up-frequency-after-placing-the-request--47,Can I change step-up frequency after placing the request?,help_faq,knowledge_pages,2026-10-04,1
https://groww.in/help/mutual-funds/discoverable/can-i-place-step-up-request-for-all-of-my-sips--35,Can I place step-up request for all of my SIPs?,help_faq,knowledge_pages,2026-10-04,1
https://groww.in/help/mutual-funds/discoverable/can-i-withdraw-redeem-on-weekends-and-holidays,Can I withdraw/redeem on weekends and holidays?,help_faq,knowledge_pages,2026-10-04,1
https://groww.in/help/mutual-funds/discoverable/how-can-i-merge-multiple-folios--61,How can I merge multiple folios?,help_faq,knowledge_pages,2026-10-04,1
https://groww.in/help/mutual-funds/discoverable/how-do-i-update-my-mobile-number-and-email-id-used-for-otp-verification--10,How do I update my mobile number and email id used for OTP verification?,help_faq,knowledge_pages,2026-10-04,1
https://groww.in/help/mutual-funds/discoverable/how-is-the-next-step-up-date-calculated--89,How is the next step-up date calculated?,help_faq,knowledge_pages,2026-10-04,1
https://groww.in/help/mutual-funds/discoverable/how-to-change-my-autopay-linked-to-an-sip--23,How do I change the AutoPay linked to an SIP?,help_faq,knowledge_pages,2026-10-04,1
https://groww.in/help/mutual-funds/discoverable/i-don-t-have-access-to-this-email-id-or-mobile-number-anymore--what-should-i-do--11,I don’t have access to this email ID or mobile number anymore. What should I do?,help_faq,knowledge_pages,2026-10-04,1
https://groww.in/help/mutual-funds/discoverable/i-have-invested-in-an-nfo-when-will-i-be-able-to-see-on-groww,I have invested in an NFO. When will I be able to see on Groww?,help_faq,knowledge_pages,2026-10-04,1
https://groww.in/help/mutual-funds/discoverable/i-haven-t-received-the-otp-even-after-trying-multiple-times--how-can-i-place-the-cart-bulk-order--82,I haven't received the OTP even after trying multiple times. How can I place the cart bulk order?,help_faq,knowledge_pages,2026-10-04,1
https://groww.in/help/mutual-funds/discoverable/i-haven-t-received-the-otp-even-after-trying-multiple-times--how-can-i-place-the-edit-sip-request--49,I haven't received the OTP even after trying multiple times. How can I place the edit SIP request?,help_faq,knowledge_pages,2026-10-04,1
https://groww.in/help/mutual-funds/discoverable/i-haven-t-received-the-otp-even-after-trying-multiple-times--how-can-i-place-the-import-funds-request--71,I haven't received the OTP even after trying multiple times. How can I place the import funds request?,help_faq,knowledge_pages,2026-10-04,1
https://groww.in/help/mutual-funds/discoverable/i-haven-t-received-the-otp-even-after-trying-multiple-times--how-can-i-place-the-one-time-order--56,I haven't received the OTP even after trying multiple times. How can I place the one-time order?,help_faq,knowledge_pages,2026-10-04,1
https://groww.in/help/mutual-funds/discoverable/i-haven-t-received-the-otp-even-after-trying-multiple-times--how-can-i-place-the-order--27,What to do if I haven't received the OTP even after trying multiple times?,help_faq,knowledge_pages,2026-10-04,1
https://groww.in/help/mutual-funds/discoverable/i-haven-t-received-the-otp-even-after-trying-multiple-times--how-can-i-place-the-sip-order--98,I haven't received the OTP even after trying multiple times. How can I place the SIP order?,help_faq,knowledge_pages,2026-10-04,1
https://groww.in/help/mutual-funds/discoverable/i-haven-t-received-the-otp-even-after-trying-multiple-times--how-can-i-place-the-step-up-request--95,I haven't received the OTP even after trying multiple times. How can I place the step-up request?,help_faq,knowledge_pages,2026-10-04,1
https://groww.in/help/mutual-funds/discoverable/i-haven-t-received-the-otp-even-after-trying-multiple-times--how-can-i-place-the-upgrade-autopay-request--45,I haven't received the OTP even after trying multiple times. How can I place the upgrade autopay request?,help_faq,knowledge_pages,2026-10-04,1
https://groww.in/help/mutual-funds/discoverable/sip-installment-was-deducted-but-order-is-not-reflected-on-the-dashboard-2,SIP installment was deducted but order is not reflected on my dashboard.,help_faq,knowledge_pages,2026-10-04,1
https://groww.in/help/mutual-funds/discoverable/what-can-i-do-after-importing-my-external-funds-to-groww--79,What can I do after importing my external funds to Groww?,help_faq,knowledge_pages,2026-10-04,1
https://groww.in/help/mutual-funds/discoverable/what-is-a-folio--48,What is a folio?,help_faq,knowledge_pages,2026-10-04,1
https://groww.in/help/mutual-funds/discoverable/what-is-step-up-sip-57,What is a Step-Up SIP?,help_faq,knowledge_pages,2026-10-04,1
https://groww.in/help/mutual-funds/discoverable/what-is-the-exit-load-on-redeeming-before-1-week,What is the exit load on redeeming before 1 week?,help_faq,knowledge_pages,2026-10-04,1
https://groww.in/help/mutual-funds/discoverable/when-can-i-edit-my-sip--29,When can I edit my SIP?,help_faq,knowledge_pages,2026-10-04,1
https://groww.in/help/mutual-funds/discoverable/where-can-i-see-information-about-upcoming-nfos,Where can I see information about upcoming NFOs?,help_faq,knowledge_pages,2026-10-04,1
https://groww.in/help/mutual-funds/discoverable/why-am-i-not-able-to-edit-my-sip--96,Why am I not able to edit my SIP?,help_faq,knowledge_pages,2026-10-04,1
https://groww.in/help/mutual-funds/discoverable/why-do-i-have-multiple-folios--84,Why do I have multiple folios?,help_faq,knowledge_pages,2026-10-04,1
https://groww.in/help/mutual-funds/discoverable/why-do-i-need-otp-verification-for-one-time-order--89,Why do I need OTP verification for Mutual Fund requests?,help_faq,knowledge_pages,2026-10-04,1
https://groww.in/help/mutual-funds/discoverable/why-do-i-need-to-do-otp-verification-for-cart-bulk-order--18,Why do I need to do OTP verification for cart bulk order?,help_faq,knowledge_pages,2026-10-04,1
https://groww.in/help/mutual-funds/discoverable/why-do-i-need-to-do-otp-verification-for-edit-sip-request--11,Why do I need to do OTP verification for edit SIP request?,help_faq,knowledge_pages,2026-10-04,1
https://groww.in/help/mutual-funds/discoverable/why-do-i-need-to-do-otp-verification-for-sip-order--56,Why do I need to do OTP verification for SIP order?,help_faq,knowledge_pages,2026-10-04,1
https://groww.in/help/mutual-funds/discoverable/why-do-i-need-to-do-otp-verification-for-step-up-request--65,Why do I need to do OTP verification for step-up request?,help_faq,knowledge_pages,2026-10-04,1
https://groww.in/help/mutual-funds/discoverable/why-do-i-need-to-do-otp-verification-for-upgrade-autopay-request--76,Why do I need to do OTP verification for upgrade autopay request?,help_faq,knowledge_pages,2026-10-04,1
https://groww.in/help/mutual-funds/discoverable/why-should-i-import-my-external-funds-to-groww--36,Why should I import my external funds to Groww?,help_faq,knowledge_pages,2026-10-04,1
https://groww.in/help/mutual-funds/discoverable/why-should-i-switch-my-funds-from-regular-to-direct---23,Why should I switch my funds from regular to direct ?,help_faq,knowledge_pages,2026-10-04,1
https://groww.in/help/mutual-funds/discoverable/will-there-be-ecs-bounce-charges-or-any-penalties-if-i-skip-an-installment--49,Will there be ECS bounce charges or any penalties if I skip an installment?,help_faq,knowledge_pages,2026-10-04,1
https://groww.in/help/mutual-funds/mf-autopay/how-to-add-autopay-using-otp-for-my-sips-1,How to add AutoPay using OTP for my SIPs?,help_faq,knowledge_pages,2026-10-04,1
https://groww.in/help/mutual-funds/mf-autopay/how-to-change-my-primary-bank-account---set-up-new-auto-pay--62,How do I change my primary bank account in Groww and set up a new AutoPay?,help_faq,knowledge_pages,2026-10-04,1
https://groww.in/help/mutual-funds/mf-autopay/how-to-set-up-autopay--45,How do I set up AutoPay?,help_faq,knowledge_pages,2026-10-04,1
https://groww.in/help/mutual-funds/mf-autopay/i-am-unable-to-print-autopay-document-1,What to do if I am unable to print the AutoPay document?,help_faq,knowledge_pages,2026-10-04,1
https://groww.in/help/mutual-funds/mf-autopay/i-am-unable-to-set-up-autopay-via-otp-27,Why can't I set up AutoPay using OTP?,help_faq,knowledge_pages,2026-10-04,1
https://groww.in/help/mutual-funds/mf-autopay/what-are-ecs-charges--96,What are ECS charges?,help_faq,knowledge_pages,2026-10-04,1
https://groww.in/help/mutual-funds/mf-autopay/why-am-i-not-receiving-an-otp-while-processing-groww-mandate-via-otp--25,Why am I not receiving an OTP while processing Groww mandate via OTP?,help_faq,knowledge_pages,2026-10-04,1
https://groww.in/help/mutual-funds/mf-dashboard/how-do-i-import-my-external-mutual-fund-investments-1,How do I import my external mutual fund investments?,help_faq,knowledge_pages,2026-10-04,1
https://groww.in/help/mutual-funds/mf-dashboard/my-latest-sip-installment-is-not-showing-up-,My latest SIP installment is not showing up.,help_faq,knowledge_pages,2026-10-04,1
https://groww.in/help/mutual-funds/mf-dashboard/my-mutual-funds-nav-is-not-updated,My mutual funds NAV is not updated.,help_faq,knowledge_pages,2026-10-04,1
https://groww.in/help/mutual-funds/mf-dashboard/what-happens-if-i-pay-after-date-shown-on-pending-sip--42,What happens if I pay after date shown on pending SIP?,help_faq,knowledge_pages,2026-10-04,1
https://groww.in/help/mutual-funds/mf-dashboard/why-i-am-not-able-to-redeem-to-groww-balance--15,Why I am not able to redeem to Groww Balance?,help_faq,knowledge_pages,2026-10-04,1
https://groww.in/help/mutual-funds/mf-dashboard/why-i-am-not-getting-groww-balance-as-a-option-to-pay-for-my-funds---96,Why I am not getting Groww balance as a option to pay for my funds ?,help_faq,knowledge_pages,2026-10-04,1
https://groww.in/help/mutual-funds/mf-dashboard/why-is-money-not-getting-deducted-automatically-from-groww-balance-for-upcoming-sip---40,Why is money not getting deducted automatically from Groww Balance for upcoming SIP ?,help_faq,knowledge_pages,2026-10-04,1
https://groww.in/help/mutual-funds/mf-others/how-to-pay-for-sips-in-bulk--39,How do I pay for SIPs in bulk?,help_faq,knowledge_pages,2026-10-04,1
https://groww.in/help/mutual-funds/mf-others/how-to-start-lumpsum--one-time--on-groww--40,How do I start a lumpsum (one-time) investment on Groww?,help_faq,knowledge_pages,2026-10-04,1
https://groww.in/help/mutual-funds/mf-others/my-nfo-order-is-not-yet-completed,Why is my NFO order still pending?,help_faq,knowledge_pages,2026-10-04,1
https://groww.in/help/mutual-funds/mf-others/nfo-was-called-off-when-do-i-get-my-money-back,NFO was called off. When will I get my money back?,help_faq,knowledge_pages,2026-10-04,1
https://groww.in/help/mutual-funds/mf-others/what-is-nfo-1,What is NFO?,help_faq,knowledge_pages,2026-10-04,1
https://groww.in/help/mutual-funds/mf-sip/autopay-request-failed---my-primary-account-is-having-insufficient-balance--how-can-i-pay-for-my-upcoming-sips--67,"Autopay request failed & my primary account is having insufficient balance, how can i pay for my upcoming SIPs?",help_faq,knowledge_pages,2026-10-04,1
https://groww.in/help/mutual-funds/mf-sip/can-i-use-groww-balance-to-pay-for-my-sips-or-mutual-funds-orders--38,Can I use Groww balance to pay for my SIPs or Mutual funds orders?,help_faq,knowledge_pages,2026-10-04,1
https://groww.in/help/mutual-funds/mf-sip/how-do-i-pay-for-a-missed-installment-3,How do I pay a missed SIP installment?,help_faq,knowledge_pages,2026-10-04,1
https://groww.in/help/mutual-funds/mf-sip/how-do-i-pay-for-my-sip-installment-if-the-autopay-debit-has-failed--40,How do I pay for my SIP installment if the autopay debit has failed?,help_faq,knowledge_pages,2026-10-04,1
https://groww.in/help/mutual-funds/mf-sip/how-do-monthly-installments-get-paid-automatically,How do monthly installments get paid automatically?,help_faq,knowledge_pages,2026-10-04,1
https://groww.in/help/mutual-funds/mf-sip/how-to-cancel-my-sip,How can I cancel an ongoing SIP?,help_faq,knowledge_pages,2026-10-04,1
https://groww.in/help/mutual-funds/mf-sip/how-to-change-autopay---bank-for-sip-on-groww--38,How do I change the AutoPay or bank for my SIP on Groww?,help_faq,knowledge_pages,2026-10-04,1
https://groww.in/help/mutual-funds/mf-sip/how-to-change-sip-date-or-amount,How can I change my SIP date or amount?,help_faq,knowledge_pages,2026-10-04,1
https://groww.in/help/mutual-funds/mf-sip/how-to-select-a-time-period-for-sip--88,How can I select a time period for SIP?,help_faq,knowledge_pages,2026-10-04,1
https://groww.in/help/mutual-funds/mf-sip/how-to-skip-an-sip-instalment--79,How to skip an SIP installment?,help_faq,knowledge_pages,2026-10-04,1
https://groww.in/help/mutual-funds/mf-sip/how-to-start-a-sip-on-groww,How can I start a SIP on Groww?,help_faq,knowledge_pages,2026-10-04,1
https://groww.in/help/mutual-funds/mf-sip/sip-installment-was-deducted-but-the-order-is-not-reflected-on-the-dashboard,SIP installment was deducted but the order is not reflected on the dashboard.,help_faq,knowledge_pages,2026-10-04,1
https://groww.in/help/mutual-funds/mf-sip/what-is-my-order-status-70,What is my order status?,help_faq,knowledge_pages,2026-10-04,1
https://groww.in/help/mutual-funds/mf-sip/what-is-the-maximum-period-for-which-i-can-skip-my-sip-installments--63,What is the maximum period for which I can skip my SIP installments?,help_faq,knowledge_pages,2026-10-04,1
https://groww.in/help/mutual-funds/mf-sip/why-is-my-sip-installment-skipping-the-1st-month,Why is my SIP installment skipping the 1st month?,help_faq,knowledge_pages,2026-10-04,1
https://groww.in/help/mutual-funds/mf-track-and-switch/can-i-redeem-from-invest-more-in-my-imported-funds-on-groww--10,Can I redeem or invest more in my imported funds on Groww?,help_faq,knowledge_pages,2026-10-04,1
https://groww.in/help/mutual-funds/mf-track-and-switch/can-i-redeem-my-mutual-funds-in-demat-format--21,Can I redeem my mutual funds in DEMAT format?,help_faq,knowledge_pages,2026-10-04,1
https://groww.in/help/mutual-funds/mf-track-and-switch/does-groww-support-mutual-funds-in-demat-form--33,Does Groww support mutual funds in DEMAT form?,help_faq,knowledge_pages,2026-10-04,1
https://groww.in/help/mutual-funds/mf-track-and-switch/how-often-do-i-have-to-import--58,How often should I import external funds?,help_faq,knowledge_pages,2026-10-04,1
https://groww.in/help/mutual-funds/mf-track-and-switch/how-to-generate-my-consolidated-account-statement--cas--from-the-cams-website--60,How do I generate my Consolidated Account Statement (CAS) from CAMS?,help_faq,knowledge_pages,2026-10-04,1
https://groww.in/help/mutual-funds/mf-track-and-switch/how-to-i-track-my-external-funds-on-groww--37,How can I track my external funds on Groww?,help_faq,knowledge_pages,2026-10-04,1
https://groww.in/help/mutual-funds/mf-track-and-switch/if-i-cancel-my-track-request--will-my-imported-funds-be-removed-from-my-dashboard--31,"If I cancel my track request, will my imported funds be removed from my dashboard?",help_faq,knowledge_pages,2026-10-04,1
https://groww.in/help/mutual-funds/mf-track-and-switch/what-happens-if-i-enter-the-wrong-details-to-generate-my-consolidated-account-statement--cas--on-cams-karvy--79,What happens if I enter the wrong details to generate my CAS on CAMS/KFin Technologies?,help_faq,knowledge_pages,2026-10-04,1
https://groww.in/help/mutual-funds/mf-track-and-switch/what-if-i-disable-my-gmail-s-read-permission--71,What happens if I disable Gmail's read permission?,help_faq,knowledge_pages,2026-10-04,1
https://groww.in/help/mutual-funds/mf-track-and-switch/what-is-cas--why-is-it-needed--99,What is CAS and why do I need it?,help_faq,knowledge_pages,2026-10-04,1
https://groww.in/help/mutual-funds/mf-track-and-switch/what-is-gmail-auto-track-feature--24,What is Gmail Auto Track feature?,help_faq,knowledge_pages,2026-10-04,1
https://groww.in/help/mutual-funds/mf-track-and-switch/why-am-i-not-receiving-emails-from-cams-karvy--95,Why am I not receiving emails from CAMS/KFin Technologies?,help_faq,knowledge_pages,2026-10-04,1
https://groww.in/help/mutual-funds/mf-track-and-switch/why-are-my-external-funds-missing-from-my-dashboard--11,Why are my external funds missing from my dashboard?,help_faq,knowledge_pages,2026-10-04,1
https://groww.in/help/mutual-funds/mf-track-and-switch/why-does-groww-need-access-to-my-emails--93,Why does Groww need access to my emails?,help_faq,knowledge_pages,2026-10-04,1
https://groww.in/help/mutual-funds/mf-track-and-switch/why-was-my-external-sip-not-imported-automatically--92,Why wasn't my external SIP imported automatically?,help_faq,knowledge_pages,2026-10-04,1
https://groww.in/help/mutual-funds/mf-track-and-switch/will-my-existing-external-sips-stop-if-i-import-my-external-funds-on-groww--24,Will my existing external SIPs stop if I import my external funds on Groww?,help_faq,knowledge_pages,2026-10-04,1
https://groww.in/help/mutual-funds/mf-track-and-switch/will-my-external-funds-be-updated-automatically-every-month--21,Will my external funds update automatically every 90 days?,help_faq,knowledge_pages,2026-10-04,1
https://groww.in/help/mutual-funds/order/are-there-any-charges-for-withdrawing-redeeming,Are there any charges for withdrawing/redeeming?,help_faq,knowledge_pages,2026-10-04,1
https://groww.in/help/mutual-funds/order/can-i-cancel-my-sip-as-per-my-wish,Can I cancel my SIP as per my wish?,help_faq,knowledge_pages,2026-10-04,1
https://groww.in/help/mutual-funds/order/can-i-check-my-investments-with-the-mutual-fund-company-directly-2,Can I check my investments with the mutual fund company directly?,help_faq,knowledge_pages,2026-10-04,1
https://groww.in/help/mutual-funds/order/can-i-check-my-sip-details-from-mutual-fund-company,Can I check my SIP details from mutual fund company?,help_faq,knowledge_pages,2026-10-04,1
https://groww.in/help/mutual-funds/order/can-i-invest-using-a-credit-debit-card-4,Can I invest using a credit/debit card?,help_faq,knowledge_pages,2026-10-04,1
https://groww.in/help/mutual-funds/order/can-i-make-manual-payments-for-my-sip,Can I make manual payments for my SIP?,help_faq,knowledge_pages,2026-10-04,1
https://groww.in/help/mutual-funds/order/can-i-make-multiple-investments-in-same-mutual-fund-company-2,Can I make multiple investments in same mutual fund company?,help_faq,knowledge_pages,2026-10-04,1
https://groww.in/help/mutual-funds/order/can-i-pause-sip-for-next-month,Can I pause SIP for next month?,help_faq,knowledge_pages,2026-10-04,1
https://groww.in/help/mutual-funds/order/can-i-start-multiple-sip-in-the-same-fund-2,Can I start multiple SIPs in the same fund?,help_faq,knowledge_pages,2026-10-04,1
https://groww.in/help/mutual-funds/order/can-i-withdraw-redeem-my-investments-any-time,Can I withdraw/redeem my investments any time?,help_faq,knowledge_pages,2026-10-04,1
https://groww.in/help/mutual-funds/order/how-can-i-confirm-if-my-sip-instalment-was-deducted-successfully--18,How can I confirm if my SIP instalment was deducted successfully?,help_faq,knowledge_pages,2026-10-04,1
https://groww.in/help/mutual-funds/order/how-do-i-check-my-sips--44,How do I check my SIPs?,help_faq,knowledge_pages,2026-10-04,1
https://groww.in/help/mutual-funds/order/how-long-does-it-take-to-process-a-redeem-order--87,How long does it take to process a redeem order?,help_faq,knowledge_pages,2026-10-04,1
https://groww.in/help/mutual-funds/order/how-long-will-it-take-for-my-redeem-amount-to-reflect-in-my-bank-account-groww-balance--16,How long will it take for my redeem amount to reflect in my bank account?,help_faq,knowledge_pages,2026-10-04,1
https://groww.in/help/mutual-funds/order/how-long-will-it-take-to-get-the-amount-credited-to-my-bank-account,How long will it take to get the amount credited to my bank account?,help_faq,knowledge_pages,2026-10-04,1
https://groww.in/help/mutual-funds/order/how-many-days-does-it-take-for-the-units-to-be-allocated--61,How many days does it take for the units to be allocated?,help_faq,knowledge_pages,2026-10-04,1
https://groww.in/help/mutual-funds/order/how-to-download-tax-statement--for-elss--77,What is a mutual funds ELSS report?,help_faq,knowledge_pages,2026-10-04,1
https://groww.in/help/mutual-funds/order/how-to-withdraw-redeem-4,How do I withdraw or redeem from a mutual fund?,help_faq,knowledge_pages,2026-10-04,1
https://groww.in/help/mutual-funds/order/i-am-unable-to-withdraw-redeem-3,I am unable to withdraw/redeem.,help_faq,knowledge_pages,2026-10-04,1
https://groww.in/help/mutual-funds/order/i-cancelled-my-sip-instalment-but-still-my-amount-got-deducted--79,I cancelled my SIP instalment but still my amount got deducted.,help_faq,knowledge_pages,2026-10-04,1
https://groww.in/help/mutual-funds/order/i-got-less-money-than-i-withdrew-redeemed--73,I got less money than I withdrew/redeemed.,help_faq,knowledge_pages,2026-10-04,1
https://groww.in/help/mutual-funds/order/i-have-already-set-up-my-autopay-my-sip-didnt-get-deducted,I have already set up my AutoPay. My SIP didn't get deducted.,help_faq,knowledge_pages,2026-10-04,1
https://groww.in/help/mutual-funds/order/i-have-cancelled-my-sip-the-amount-was-deducted-anyway-2,"I canceled my SIP, but the amount was still deducted. Why?",help_faq,knowledge_pages,2026-10-04,1
https://groww.in/help/mutual-funds/order/i-have-paid-but-mutual-fund-units-have-not-been-allocated-to-me-yet-3,I have paid but mutual fund units have not been allocated to me yet.,help_faq,knowledge_pages,2026-10-04,1
https://groww.in/help/mutual-funds/order/i-just-started-my-sip-what-should-be-my-next-step-5,I just started my SIP. What should be my next step?,help_faq,knowledge_pages,2026-10-04,1
https://groww.in/help/mutual-funds/order/i-received-a-notification-from-the-mutual-fund-company-saying-my-withdraw-redeem-request-is-rejected,I received a notification from the mutual fund company saying my withdraw/redeem request is rejected.,help_faq,knowledge_pages,2026-10-04,1
https://groww.in/help/mutual-funds/order/i-still-did-not-receive-money-in-my-account--34,I still did not receive money in my account.,help_faq,knowledge_pages,2026-10-04,1
https://groww.in/help/mutual-funds/order/is-there-any-limit-for-withdraw-redemption-amount,Is there any limit for withdraw/redemption amount?,help_faq,knowledge_pages,2026-10-04,1
https://groww.in/help/mutual-funds/order/it-has-been-4-days-money-still-hasnt-come-2,It has been 4 days. Money still hasn't come.,help_faq,knowledge_pages,2026-10-04,1
https://groww.in/help/mutual-funds/order/it-s-beyond-the-expected-time--why-are-units-still-not-allotted--98,It's beyond the expected time. Why are units still not allotted?,help_faq,knowledge_pages,2026-10-04,1
https://groww.in/help/mutual-funds/order/money-is-debited-from-my-account-but-my-order-failed-when-will-i-get-my-money-back-1,Money is debited from my account but my order failed. When will I get my money back?,help_faq,knowledge_pages,2026-10-04,1
https://groww.in/help/mutual-funds/order/my-next-sip-due-date-is-2-months-away-why,My next SIP due date is 2 months away. Why?,help_faq,knowledge_pages,2026-10-04,1
https://groww.in/help/mutual-funds/order/my-order-is-stuck-in-new-state-why,My order is stuck in new state. Why?,help_faq,knowledge_pages,2026-10-04,1
https://groww.in/help/mutual-funds/order/order-completed-but-dashboard-still-not-updated,Order completed but dashboard still not updated.,help_faq,knowledge_pages,2026-10-04,1
https://groww.in/help/mutual-funds/order/redeem-is-completed-but-amount-has-not-been-credited-6,My redemption has been completed but the amount has not been credited. Why?,help_faq,knowledge_pages,2026-10-04,1
https://groww.in/help/mutual-funds/order/the-amount-i-received-is-lesser-than-what-i-expected--why--10,The amount I received is lesser than what I expected. Why?,help_faq,knowledge_pages,2026-10-04,1
https://groww.in/help/mutual-funds/order/what-are-the-autopay-charges-1,What are the AutoPay charges?,help_faq,knowledge_pages,2026-10-04,1
https://groww.in/help/mutual-funds/order/what-are-the-charges-applicable-for-redeeming--53,What are the charges applicable for redeeming?,help_faq,knowledge_pages,2026-10-04,1
https://groww.in/help/mutual-funds/order/what-is-exit-load--71,What is exit load?,help_faq,knowledge_pages,2026-10-04,1
https://groww.in/help/mutual-funds/order/what-is-my-current-order-status,What is my current order status?,help_faq,knowledge_pages,2026-10-04,1
https://groww.in/help/mutual-funds/order/what-is-the-applicable-nav-for-my-order--70,What is the applicable NAV for my order?,help_faq,knowledge_pages,2026-10-04,1
https://groww.in/help/mutual-funds/order/when-can-i-expect-it-to-be-completed--28,When can I expect this purchase order to be completed?,help_faq,knowledge_pages,2026-10-04,1
https://groww.in/help/mutual-funds/order/when-i-redeemed-all-my-units--why-was-the-number-of-units-redeemed-different-from-what-was-shown--33,"When I redeemed all my units, why was the number of units redeemed different from what was shown?",help_faq,knowledge_pages,2026-10-04,1
https://groww.in/help/mutual-funds/order/when-will-my-investments-get-updated-3,When will my investments get updated?,help_faq,knowledge_pages,2026-10-04,1
https://groww.in/help/mutual-funds/order/when-will-my-redeem-request-will-get-processed-1,When will my redeem request will get processed?,help_faq,knowledge_pages,2026-10-04,1
https://groww.in/help/mutual-funds/order/when-withdrawing-redeeming-which-days-nav-will-be-applicable-1,When withdrawing/redeeming which day's NAV will be applicable?,help_faq,knowledge_pages,2026-10-04,1
https://groww.in/help/mutual-funds/order/why-can-t-i-see-this-in-my-dashboard--18,Why can't I see this in my dashboard?,help_faq,knowledge_pages,2026-10-04,1
https://groww.in/help/mutual-funds/order/why-did-my-installment-fail--25,Why did my installment fail?,help_faq,knowledge_pages,2026-10-04,1
https://groww.in/help/mutual-funds/order/why-did-my-order-fail--83,Why did my purchase order fail?,help_faq,knowledge_pages,2026-10-04,1
https://groww.in/help/mutual-funds/order/why-did-my-sip-installment-fail--36,Why did my SIP installment fail?,help_faq,knowledge_pages,2026-10-04,1
https://groww.in/help/mutual-funds/order/why-did-my-switch-order-fail--69,Why did my switch order fail?,help_faq,knowledge_pages,2026-10-04,1
https://groww.in/help/mutual-funds/order/why-did-withdrawal-to-my-bank-fail--73,Why did withdrawal to my bank fail?,help_faq,knowledge_pages,2026-10-04,1
https://groww.in/help/mutual-funds/order/why-is-my-sip-order-not-completed-1,Why is my SIP order not completed?,help_faq,knowledge_pages,2026-10-04,1
https://groww.in/help/mutual-funds/order/why-is-there-a-different-cut-off-for-purchase-orders-when-the-payment-is-done-via--net-banking-or-upi-or-bank-transfer-1,Why is there a different cut-off for purchase orders when the payment is done via net banking or UPI or Bank Transfer?,help_faq,knowledge_pages,2026-10-04,1
https://groww.in/help/mutual-funds/order/why-is-there-a-rs-1-lakh-limit-in-autopay--42,Why is there a Rs.1 lakh limit in AutoPay?,help_faq,knowledge_pages,2026-10-04,1
https://groww.in/help/mutual-funds/order/will-i-also-get-an-order-confirmation-from-the-mutual-fund-company--53,Will I get an order confirmation from the mutual fund company too?,help_faq,knowledge_pages,2026-10-04,1
https://groww.in/help/mutual-funds/order/will-i-be-able-to-withdraw-redeem-my-imported-investments-1,Will I be able to withdraw/redeem my imported investments?,help_faq,knowledge_pages,2026-10-04,1
https://groww.in/help/mutual-funds/order/will-my-sips-also-be-switched-3,"After I request a switch, will my SIPs also switch?",help_faq,knowledge_pages,2026-10-04,1
https://groww.in/help/mutual-funds/searchable/can-i-track-my-sip-details-from-mutual-fund-company,Can I track my SIP details from mutual fund company?,help_faq,knowledge_pages,2026-10-04,1
https://groww.in/help/mutual-funds/searchable/i-cannot-find-my-mutual-fund-order,I cannot find my Mutual Fund Order,help_faq,knowledge_pages,2026-10-04,1
https://groww.in/help/mutual-funds/searchable/my-amount-got-debited-but-the-transaction-shows-as-failed--when-will-i-get-the-refund--89,My amount got debited but the transaction shows as failed or my deposit shows as 'Reversed'. When will I get the refund?,help_faq,knowledge_pages,2026-10-04,1
https://groww.in/help/mutual-funds/searchable/my-autopay-is-approved-even-then-my-sip-failed,"My AutoPay is approved, but my SIP still failed. Why?",help_faq,knowledge_pages,2026-10-04,1
https://groww.in/help/mutual-funds/searchable/my-sip-date-is-not-of-the-next-month-but-of-the-month-after-that-why,My SIP date is not of the next month but of the month after that. Why?,help_faq,knowledge_pages,2026-10-04,1
https://groww.in/help/mutual-funds/searchable/my-withdraw-redeem-order-is-stuck-in-new-state-why,My withdraw/redeem order is stuck in new state. Why?,help_faq,knowledge_pages,2026-10-04,1
https://groww.in/help/mutual-funds/searchable/what-are-the-charges-for-mutual-fund-investments--93,What are the charges for mutual fund investments?,help_faq,knowledge_pages,2026-10-04,1
https://groww.in/help/mutual-funds/sip/will-i-be-charged-for-cancelling-my-sip--37,Will I be charged for cancelling my SIP?,help_faq,knowledge_pages,2026-10-04,1
https://groww.in/help/mutual-funds/switch-to-direct/can-i-switch-from-one-fund-house-to-another-fund-house--52,Can I switch from one fund house to another fund house?,help_faq,knowledge_pages,2026-10-04,1
https://groww.in/help/mutual-funds/switch-to-direct/how-can-i-switch-from-regular-fund-to-direct-fund-on-groww--30,How can I switch from regular fund to direct fund on Groww?,help_faq,knowledge_pages,2026-10-04,1
https://groww.in/help/mutual-funds/switch-to-direct/on-switching--will-i-be-eligible-for-capital-gain-tax--62,"On Switching, will I be eligible for capital gain tax?",help_faq,knowledge_pages,2026-10-04,1
https://groww.in/help/mutual-funds/switch-to-direct/what-are-the-charges-to-switch-from-regular-to-direct-84,What are the charges to switch from regular to direct,help_faq,knowledge_pages,2026-10-04,1
https://groww.in/help/mutual-funds/switch-to-direct/what-is-switch--why-should-i-switch-to-direct--17,What is switch? Why should I switch to direct?,help_faq,knowledge_pages,2026-10-04,1
https://groww.in/help/mutual-funds/switch-to-direct/what-will-happen-to-my-ongoing-sips-for-the-regular-switch-out-fund--94,What will happen to my ongoing SIPs for the regular switch-out fund?,help_faq,knowledge_pages,2026-10-04,1
https://groww.in/help/mutual-funds/switch-to-direct/when-will-my-switch-be-completed--23,When will my switch be completed?,help_faq,knowledge_pages,2026-10-04,1
https://groww.in/help/mutual-funds/switch-to-direct/why-can-t-i-remove-my-exit-load---confirm-the-switch--68,Why can’t I remove my exit load & confirm the switch?,help_faq,knowledge_pages,2026-10-04,1
https://groww.in/help/mutual-funds/switch-to-direct/why-did-my-units-reduce-after-the-switch-order-is-complete--13,Why did my units reduce after the switch order is complete?,help_faq,knowledge_pages,2026-10-04,1
https://groww.in/help/mutual-funds/track-and-switch/email-forwarded-already--can-t-see-my-external-funds--what-to-do--19,I can't see my external funds after forwarding the email. What should I do?,help_faq,knowledge_pages,2026-10-04,1
https://groww.in/mutual-funds/parag-parikh-arbitrage-fund-direct-growth,Parag Parikh Arbitrage Fund Direct Growth,scheme_page,scheme_pages,2026-10-04,13
https://groww.in/mutual-funds/parag-parikh-conservative-hybrid-fund-direct-growth,Parag Parikh Conservative Hybrid Fund Direct Growth,scheme_page,scheme_pages,2026-10-04,13
https://groww.in/mutual-funds/parag-parikh-dynamic-asset-allocation-fund-direct-growth,Parag Parikh Dynamic Asset Allocation Fund Direct Growth,scheme_page,scheme_pages,2026-10-04,13
https://groww.in/mutual-funds/parag-parikh-elss-tax-saver-fund-direct-growth,Parag Parikh ELSS Tax Saver Fund Direct Growth,scheme_page,scheme_pages,2026-10-04,13
https://groww.in/mutual-funds/parag-parikh-liquid-fund-direct-growth,Parag Parikh Liquid Fund Direct Growth,scheme_page,scheme_pages,2026-10-04,13
https://groww.in/mutual-funds/parag-parikh-long-term-value-fund-direct-growth,Parag Parikh Flexi Cap Fund Direct Growth,scheme_page,scheme_pages,2026-10-04,13
