id,scheme_id,manager_name,tenure,education,experience
1,parag-parikh-long-term-value-fund-direct-growth,Rajeev Thakkar,May 2013 - Present,"Mr.Thakkar is a Chartered Accountant, Cost Accountant, CFA, and CFP.",He has been associated with PPFAS AMC since 2013.
2,parag-parikh-long-term-value-fund-direct-growth,Raunak Onkar,May 2013 - Present,Mr.Onkar is an MMS (Finance) from the University of Mumbai.,He joined PPFAS as a research analyst. He was appointed as Head- research in the year 2011. He is working with the company as an Associate Fund Manager.
3,parag-parikh-long-term-value-fund-direct-growth,Raj Mehta,Jan 2016 - Present,Mr. Mehta is a Commerce Graduate from University of Mumbai (N.M. College) ; Fellow Member of Institute of Chartered Accountants of India (ICAI) ; CFA Charter Holder.,"Beginning his career as an intern with PPFAS Mutual Fund in 2012, he swiftly moved up the ranks, and is currently part of the Fund Management team."
4,parag-parikh-long-term-value-fund-direct-growth,Rukun Tarachandani,May 2022 - Present,"Mr. Tarachandani has done B Tech (Information Technology), PGPM (Finance), CFA and CQF.","Prior to joining PPFAS Mutual Fund, he has worked with Kotak Mutual Fund, Goldman Sachs, Unnati Investment Management & Research Group."
5,parag-parikh-long-term-value-fund-direct-growth,Tejas Soman,Sep 2025 - Present,Mr. Soman has done B.Com from University of Mumbai and Post Graduate Program in Securities Markets - From ‘NISM’,"Prior to joining PPFAS Mutual Fund, he was associated with SBI MF, Yes Bank Limited, STCI Primary Dealership and PricewaterhouseCoopers"
6,parag-parikh-long-term-value-fund-direct-growth,Mansi Kariya,Dec 2023 - Present,"Ms. Karia has done B.Com, MS Finance and CFA","Prior to joining PPFAS AMC, she has worked with Insync and Zacks Investment Research"
7,parag-parikh-long-term-value-fund-direct-growth,Aishwarya Dhar,Sep 2025 - Present,MBA - Finance,"Prior to joining the PPFAS MF, she was associated with TATA AIA Life Insurance Co. Ltd, ManipalCigna Health Insurance Co. Ltd,"
8,parag-parikh-liquid-fund-direct-growth,Tejas Soman,Sep 2025 - Present,Mr. Soman has done B.Com from University of Mumbai and Post Graduate Program in Securities Markets - From ‘NISM’,"Prior to joining PPFAS Mutual Fund, he was associated with SBI MF, Yes Bank Limited, STCI Primary Dealership and PricewaterhouseCoopers"
9,parag-parikh-liquid-fund-direct-growth,Mansi Kariya,Dec 2023 - Present,"Ms. Karia has done B.Com, MS Finance and CFA","Prior to joining PPFAS AMC, she has worked with Insync and Zacks Investment Research"
10,parag-parikh-liquid-fund-direct-growth,Aishwarya Dhar,Sep 2025 - Present,MBA - Finance,"Prior to joining the PPFAS MF, she was associated with TATA AIA Life Insurance Co. Ltd, ManipalCigna Health Insurance Co. Ltd,"
11,parag-parikh-elss-tax-saver-fund-direct-growth,Rajeev Thakkar,Jul 2019 - Present,"Mr.Thakkar is a Chartered Accountant, Cost Accountant, CFA, and CFP.",He has been associated with PPFAS AMC since 2013.
12,parag-parikh-elss-tax-saver-fund-direct-growth,Raunak Onkar,Jul 2019 - Present,Mr.Onkar is an MMS (Finance) from the University of Mumbai.,He joined PPFAS as a research analyst. He was appointed as Head- research in the year 2011. He is working with the company as an Associate Fund Manager.
13,parag-parikh-elss-tax-saver-fund-direct-growth,Raj Mehta,Jul 2019 - Present,Mr. Mehta is a Commerce Graduate from University of Mumbai (N.M. College) ; Fellow Member of Institute of Chartered Accountants of India (ICAI) ; CFA Charter Holder.,"Beginning his career as an intern with PPFAS Mutual Fund in 2012, he swiftly moved up the ranks, and is currently part of the Fund Management team."
14,parag-parikh-elss-tax-saver-fund-direct-growth,Rukun Tarachandani,May 2022 - Present,"Mr. Tarachandani has done B Tech (Information Technology), PGPM (Finance), CFA and CQF.","Prior to joining PPFAS Mutual Fund, he has worked with Kotak Mutual Fund, Goldman Sachs, Unnati Investment Management & Research Group."
15,parag-parikh-elss-tax-saver-fund-direct-growth,Tejas Soman,Sep 2025 - Present,Mr. Soman has done B.Com from University of Mumbai and Post Graduate Program in Securities Markets - From ‘NISM’,"Prior to joining PPFAS Mutual Fund, he was associated with SBI MF, Yes Bank Limited, STCI Primary Dealership and PricewaterhouseCoopers"
16,parag-parikh-elss-tax-saver-fund-direct-growth,Aishwarya Dhar,Sep 2025 - Present,MBA - Finance,"Prior to joining the PPFAS MF, she was associated with TATA AIA Life Insurance Co. Ltd, ManipalCigna Health Insurance Co. Ltd,"
17,parag-parikh-conservative-hybrid-fund-direct-growth,Rajeev Thakkar,May 2021 - Present,"Mr.Thakkar is a Chartered Accountant, Cost Accountant, CFA, and CFP.",He has been associated with PPFAS AMC since 2013.
18,parag-parikh-conservative-hybrid-fund-direct-growth,Raunak Onkar,May 2021 - Present,Mr.Onkar is an MMS (Finance) from the University of Mumbai.,He joined PPFAS as a research analyst. He was appointed as Head- research in the year 2011. He is working with the company as an Associate Fund Manager.
19,parag-parikh-conservative-hybrid-fund-direct-growth,Raj Mehta,May 2021 - Present,Mr. Mehta is a Commerce Graduate from University of Mumbai (N.M. College) ; Fellow Member of Institute of Chartered Accountants of India (ICAI) ; CFA Charter Holder.,"Beginning his career as an intern with PPFAS Mutual Fund in 2012, he swiftly moved up the ranks, and is currently part of the Fund Management team."
20,parag-parikh-conservative-hybrid-fund-direct-growth,Rukun Tarachandani,May 2022 - Present,"Mr. Tarachandani has done B Tech (Information Technology), PGPM (Finance), CFA and CQF.","Prior to joining PPFAS Mutual Fund, he has worked with Kotak Mutual Fund, Goldman Sachs, Unnati Investment Management & Research Group."
21,parag-parikh-conservative-hybrid-fund-direct-growth,Tejas Soman,Sep 2025 - Present,Mr. Soman has done B.Com from University of Mumbai and Post Graduate Program in Securities Markets - From ‘NISM’,"Prior to joining PPFAS Mutual Fund, he was associated with SBI MF, Yes Bank Limited, STCI Primary Dealership and PricewaterhouseCoopers"
22,parag-parikh-conservative-hybrid-fund-direct-growth,Mansi Kariya,Dec 2023 - Present,"Ms. Karia has done B.Com, MS Finance and CFA","Prior to joining PPFAS AMC, she has worked with Insync and Zacks Investment Research"
23,parag-parikh-arbitrage-fund-direct-growth,Rajeev Thakkar,Oct 2023 - Present,"Mr.Thakkar is a Chartered Accountant, Cost Accountant, CFA, and CFP.",He has been associated with PPFAS AMC since 2013.
24,parag-parikh-arbitrage-fund-direct-growth,Raunak Onkar,Oct 2023 - Present,Mr.Onkar is an MMS (Finance) from the University of Mumbai.,He joined PPFAS as a research analyst. He was appointed as Head- research in the year 2011. He is working with the company as an Associate Fund Manager.
25,parag-parikh-arbitrage-fund-direct-growth,Raj Mehta,Oct 2023 - Present,Mr. Mehta is a Commerce Graduate from University of Mumbai (N.M. College) ; Fellow Member of Institute of Chartered Accountants of India (ICAI) ; CFA Charter Holder.,"Beginning his career as an intern with PPFAS Mutual Fund in 2012, he swiftly moved up the ranks, and is currently part of the Fund Management team."
26,parag-parikh-arbitrage-fund-direct-growth,Rukun Tarachandani,Oct 2023 - Present,"Mr. Tarachandani has done B Tech (Information Technology), PGPM (Finance), CFA and CQF.","Prior to joining PPFAS Mutual Fund, he has worked with Kotak Mutual Fund, Goldman Sachs, Unnati Investment Management & Research Group."
27,parag-parikh-arbitrage-fund-direct-growth,Tejas Soman,Sep 2025 - Present,Mr. Soman has done B.Com from University of Mumbai and Post Graduate Program in Securities Markets - From ‘NISM’,"Prior to joining PPFAS Mutual Fund, he was associated with SBI MF, Yes Bank Limited, STCI Primary Dealership and PricewaterhouseCoopers"
28,parag-parikh-arbitrage-fund-direct-growth,Aishwarya Dhar,Sep 2025 - Present,MBA - Finance,"Prior to joining the PPFAS MF, she was associated with TATA AIA Life Insurance Co. Ltd, ManipalCigna Health Insurance Co. Ltd,"
29,parag-parikh-dynamic-asset-allocation-fund-direct-growth,Rajeev Thakkar,Feb 2024 - Present,"Mr.Thakkar is a Chartered Accountant, Cost Accountant, CFA, and CFP.",He has been associated with PPFAS AMC since 2013.
30,parag-parikh-dynamic-asset-allocation-fund-direct-growth,Raunak Onkar,Feb 2024 - Present,Mr.Onkar is an MMS (Finance) from the University of Mumbai.,He joined PPFAS as a research analyst. He was appointed as Head- research in the year 2011. He is working with the company as an Associate Fund Manager.
31,parag-parikh-dynamic-asset-allocation-fund-direct-growth,Raj Mehta,Feb 2024 - Present,Mr. Mehta is a Commerce Graduate from University of Mumbai (N.M. College) ; Fellow Member of Institute of Chartered Accountants of India (ICAI) ; CFA Charter Holder.,"Beginning his career as an intern with PPFAS Mutual Fund in 2012, he swiftly moved up the ranks, and is currently part of the Fund Management team."
32,parag-parikh-dynamic-asset-allocation-fund-direct-growth,Rukun Tarachandani,Feb 2024 - Present,"Mr. Tarachandani has done B Tech (Information Technology), PGPM (Finance), CFA and CQF.","Prior to joining PPFAS Mutual Fund, he has worked with Kotak Mutual Fund, Goldman Sachs, Unnati Investment Management & Research Group."
33,parag-parikh-dynamic-asset-allocation-fund-direct-growth,Tejas Soman,Sep 2025 - Present,Mr. Soman has done B.Com from University of Mumbai and Post Graduate Program in Securities Markets - From ‘NISM’,"Prior to joining PPFAS Mutual Fund, he was associated with SBI MF, Yes Bank Limited, STCI Primary Dealership and PricewaterhouseCoopers"
34,parag-parikh-dynamic-asset-allocation-fund-direct-growth,Mansi Kariya,Feb 2024 - Present,"Ms. Karia has done B.Com, MS Finance and CFA","Prior to joining PPFAS AMC, she has worked with Insync and Zacks Investment Research"
