id,scheme_id,period_label,ord
1,parag-parikh-long-term-value-fund-direct-growth,3Y,0
2,parag-parikh-long-term-value-fund-direct-growth,5Y,1
3,parag-parikh-long-term-value-fund-direct-growth,10Y,2
4,parag-parikh-long-term-value-fund-direct-growth,All,3
5,parag-parikh-liquid-fund-direct-growth,1Y,0
6,parag-parikh-liquid-fund-direct-growth,3Y,1
7,parag-parikh-liquid-fund-direct-growth,5Y,2
8,parag-parikh-liquid-fund-direct-growth,All,3
9,parag-parikh-elss-tax-saver-fund-direct-growth,1Y,0
10,parag-parikh-elss-tax-saver-fund-direct-growth,3Y,1
11,parag-parikh-elss-tax-saver-fund-direct-growth,5Y,2
12,parag-parikh-elss-tax-saver-fund-direct-growth,All,3
13,parag-parikh-conservative-hybrid-fund-direct-growth,6M,0
14,parag-parikh-conservative-hybrid-fund-direct-growth,1Y,1
15,parag-parikh-conservative-hybrid-fund-direct-growth,3Y,2
16,parag-parikh-conservative-hybrid-fund-direct-growth,All,3
17,parag-parikh-arbitrage-fund-direct-growth,3M,0
18,parag-parikh-arbitrage-fund-direct-growth,6M,1
19,parag-parikh-arbitrage-fund-direct-growth,1Y,2
20,parag-parikh-arbitrage-fund-direct-growth,All,3
21,parag-parikh-dynamic-asset-allocation-fund-direct-growth,3M,0
22,parag-parikh-dynamic-asset-allocation-fund-direct-growth,6M,1
23,parag-parikh-dynamic-asset-allocation-fund-direct-growth,1Y,2
24,parag-parikh-dynamic-asset-allocation-fund-direct-growth,All,3
